Keyword,Occurrences
machine learning,524
neural network,838
deep learning,242
AI ethics,555
AI in healthcare,321
natural language processing,975
robotic process automation,344
AI in finance,674
data mining,800
predictive analytics,459
AI security,847
AI regulation,117
chatbot technology,970
AI in education,338
AI in logistics,273
AI hardware,220
quantum computing,800
AI for sustainability,366
AI in agriculture,984
AI art,704
invoice processing,761
electronic invoicing,891
invoice automation,628
payment terms,883
accounts payable,161
invoice scanning,226
tax invoicing,992
online billing,387
invoice software,291
invoice data capture,326
e-invoicing standards,560
invoice fraud detection,793
invoice workflows,424
invoice financing,295
late payment charges,460
invoice reconciliation,454
invoice discounts,206
invoice approval process,400
invoice compliance,318
invoice audit,190
